Q_ID,QG,QG_Name,Phase,Set,Bloom_Level,Question,Choice_A,Choice_B,Choice_C,Choice_D,Answer,Answer_Explain,Question_Type,Skill_Tag,Is_Diagnostic,Recommended_Course,Sales_Pitch,Pass_Criteria,Progression_Level
QG01-PRE-A-001,QG-01,Attention & Hook Mechanics,Pre,A,Remember,คนดู TikTok ใช้เวลาเฉลี่ยกี่วินาทีก่อนตัดสินใจเลื่อนผ่าน?,8 วินาที,2.3 วินาที,15 วินาที,30 วินาที,B,สถิติ Attention Economy 2025-2026 ระบุว่าใช้เวลาเพียง 2.3 วินาที,MCQ,"Hook,Attention",TRUE,"MICRO EXPRESS,SIGNAL",เรียน Hook ให้คม ก่อนเสียผู้ชมทุกไลฟ์,ถูก=ผ่าน,STARTER
QG01-PRE-A-002,QG-01,Attention & Hook Mechanics,Pre,A,Understand,"""Attention Economy"" ในบริบท Live Commerce หมายถึงอะไร?",การใช้เงินซื้อโฆษณา,การแย่งชิงความสนใจของผู้ชมในเวลาไม่กี่วินาที,การวิเคราะห์ตลาด,การสร้าง Content ยาว,B,Live Commerce ต้องแย่งชิงความสนใจจากแพลตฟอร์มอื่น ในเวลาสั้นมาก,MCQ,"Hook,Attention,Economy",TRUE,SIGNAL,,ถูก=ผ่าน,STARTER
QG01-PRE-A-003,QG-01,Attention & Hook Mechanics,Pre,A,Understand,เหตุผลหลักที่ Live Conversion Rate สูงกว่า Website คือ?,สินค้าราคาถูกกว่า,การโต้ตอบ Real-time + FOMO,โฆษณาเยอะกว่า,ผู้ชมเยอะกว่า,B,การโต้ตอบสดและความรู้สึกเร่งด่วน (FOMO) ทำให้คนตัดสินใจซื้อเร็วกว่า,MCQ,"Hook,CR,FOMO",TRUE,MICRO EXPRESS,,ถูก=ผ่าน,STARTER
QG01-PRE-A-004,QG-01,Attention & Hook Mechanics,Pre,A,Remember,ถ้า Live CR = 18% และ Website CR = 1.5% — Live สูงกว่ากี่เท่า?,6 เท่า,8 เท่า,12 เท่า,18 เท่า,C,18 ÷ 1.5 = 12 เท่า,MCQ,"CR,KPI",FALSE,MICRO EXPRESS,,ถูก=ผ่าน,STARTER
QG01-PRE-A-005,QG-01,Attention & Hook Mechanics,Pre,A,Remember,"""Hook Loop"" คืออะไร?",การเปิดเพลงระหว่างไลฟ์,การปล่อย Mini Hook ทุก 15-20 นาที,การหยุดพักระหว่างไลฟ์,การโฆษณาสินค้าซ้ำๆ,B,Hook Loop คือการปล่อย Mini Hook ทุก 15-20 นาที เพื่อดึงผู้ชมที่เริ่มเบื่อกลับมา,MCQ,"Hook,Hook Loop",TRUE,"MICRO EXPRESS,SIGNAL",,ถูก=ผ่าน,STARTER
QG01-PRE-B-001,QG-01,Attention & Hook Mechanics,Pre,B,Remember,ถ้า Live CR = 12% และ Website CR = 1.2% — อัตราส่วน Live:Website คือ?,5:1,8:1,10:1,12:1,C,12 ÷ 1.2 = 10 เท่า,MCQ,"CR,KPI",FALSE,MICRO EXPRESS,,ถูก=ผ่าน,STARTER
QG01-PRE-B-002,QG-01,Attention & Hook Mechanics,Pre,B,Understand,ข้อใดเป็นตัวอย่าง Curiosity Hook ที่ดีสำหรับครีมกันแดด?,"""ครีมกันแดดดีที่สุดของปี""","""ทำไมครีม 590 บ. ถึงขายดีกว่าตัว 2,000 บ.?""","""สวัสดีค่ะ มาดูครีมนี้กัน""","""ลด 50% วันนี้วันเดียว""",B,Curiosity Hook ต้องทำให้คนสงสัยและอยากรู้คำตอบทันที,MCQ,"Hook,Curiosity Hook",FALSE,SIGNAL,,ถูก=ผ่าน,STARTER
QG01-PRE-B-003,QG-01,Attention & Hook Mechanics,Pre,B,Understand,ข้อใดไม่ใช่ลักษณะของ Grabber ที่ดี?,ชี้ปัญหาที่ผู้ชมกำลังเผชิญ,ใช้ตัวเลขสถิติ,ยาวเกิน 10 วินาที,สร้างความอยากรู้,C,Grabber ต้องสั้น กระชับ ไม่เกิน 3-5 วินาที,MCQ,"Hook,Grabber",FALSE,SIGNAL,,ถูก=ผ่าน,STARTER
QG01-PRE-B-004,QG-01,Attention & Hook Mechanics,Pre,B,Remember,True/False: คนดู TikTok ตัดสินใจเลื่อนผ่านภายใน 8 วินาที,TRUE,FALSE,,,B,False — ใช้เวลาเพียง 2.3 วินาทีเท่านั้น (Attention Economy 2025-2026),True_False,"Hook,Attention",TRUE,MICRO EXPRESS,,ถูก=ผ่าน,STARTER
QG01-DUR-A-001,QG-01,Attention & Hook Mechanics,During,A,Remember,ใน 3 วินาทีแรก โฮสต์ต้องทำอะไรเป็นอันดับแรก?,บอกชื่อสินค้า,ขอบคุณที่เข้ามาดู,หยุดนิ้วผู้ชมด้วยประโยค Grabber,แนะนำตัวเอง,C,3 วินาทีแรกต้องสร้างเหตุผลให้ผู้ชมอยู่ดูต่อ ไม่ใช่แนะนำตัว,MCQ,"Hook,Grabber",FALSE,,,ถูก=ผ่าน,STARTER
QG01-DUR-A-002,QG-01,Attention & Hook Mechanics,During,A,Understand,"""ภูมิแพ้กำลังทำลายชีวิตคุณ มาดูทางออก"" — คือ Hook ประเภทใด?",Benefit Hook,Urgency Hook,Pain Hook,Social Proof Hook,C,Pain Hook คือการชี้ปัญหาที่ผู้ชมกำลังเผชิญอยู่,MCQ,"Hook,Pain Hook",FALSE,,,ถูก=ผ่าน,STARTER
QG01-DUR-A-003,QG-01,Attention & Hook Mechanics,During,A,Remember,Hook Loop ควรปล่อยห่างทุกกี่นาที?,5-10 นาที,15-20 นาที,25-30 นาที,30-40 นาที,B,ทุก 15-20 นาที เพื่อดึงคนที่เริ่มเบื่อกลับมา,MCQ,Hook Loop,FALSE,,,ถูก=ผ่าน,STARTER
QG01-POST-A-001,QG-01,Attention & Hook Mechanics,Post,A,Apply,[Scenario] CCV ตกจาก 200 เหลือ 40 ในนาทีที่ 18 — สาเหตุและแนวทางแก้ไขทันที?,,,,,ขาด Hook Loop → ปล่อย Mini Hook ทันที เช่น 'อย่าเพิ่งออก อีก 2 นาทีมีเซอร์ไพรส์',ระบุสาเหตุ + มีประโยค Hook จริง,Short_Answer,"Hook Loop,CCV",FALSE,,,เกณฑ์: ระบุสาเหตุ + มี Hook จริง,STARTER
QG01-POST-A-002,QG-01,Attention & Hook Mechanics,Post,A,Apply,[คำนวณ] ไลฟ์ 60 นาที Hook Loop ทุก 15 นาที — ต้องปล่อยกี่ครั้ง?,3 ครั้ง,4 ครั้ง,5 ครั้ง,6 ครั้ง,B,"ที่นาทีที่ 0, 15, 30, 45 รวม 4 ครั้ง",MCQ,"Hook Loop,คำนวณ",FALSE,,,ถูก=ผ่าน,STARTER
QG01-POST-A-003,QG-01,Attention & Hook Mechanics,Post,A,Analyze,"[ตัดสิน] ""สวัสดีทุกคน พบกับพี่เจนอีกแล้ว"" — เป็น Grabber ที่ดีหรือไม่? เพราะอะไร?",,,,,ไม่ดี — เป็นการแนะนำตัว ไม่มี Hook ผู้ชมจะเลื่อนผ่านก่อนถึงเนื้อหา,,Short_Answer,"Hook,Grabber",FALSE,,,เกณฑ์: ต้องบอกว่าไม่ดี + ให้เหตุผล,STARTER
QG01-POST-A-004,QG-01,Attention & Hook Mechanics,Post,A,Apply,[คำนวณ] ไลฟ์ 90 นาที Hook Loop ทุก 18 นาที — จะปล่อยกี่ครั้ง?,4 ครั้ง,5 ครั้ง,6 ครั้ง,7 ครั้ง,B,"ที่นาทีที่ 0, 18, 36, 54, 72 รวม 5 ครั้ง",MCQ,"Hook Loop,คำนวณ",FALSE,,,ถูก=ผ่าน,DEVELOPING
QG01-POST-A-005,QG-01,Attention & Hook Mechanics,Post,A,Apply,[เขียน] เขียน Benefit Hook สำหรับ 'น้ำหอมผู้หญิง 890 บาท' 1 ประโยค,,,,,ตัวอย่าง: 'น้ำหอมตัวนี้ทำให้คุณได้รับคำชมทุกวัน หอมทนตลอด 12 ชม. ราคา 890 บ.',,Short_Answer,"Hook,Benefit Hook",FALSE,SIGNAL,,เกณฑ์: มี Benefit ชัดเจน ไม่ใช่แค่บอกราคา,STARTER
QG01-POST-A-006,QG-01,Attention & Hook Mechanics,Post,A,Analyze,"[จับคู่] 'ทำไมครีม 590 บ. ขายดีกว่าตัว 2,000 บ.?' — เป็น Hook ประเภทใด?",Pain Hook,Benefit Hook,Curiosity Hook,Urgency Hook,C,ตั้งคำถามให้อยากรู้คำตอบ = Curiosity Hook,MCQ,Hook Type,FALSE,,,ถูก=ผ่าน,STARTER
QG02-PRE-A-001,QG-02,Hook Loop & FOMO Ladder,Pre,A,Remember,FOMO Ladder ขั้นที่ 1 ทำหน้าที่อะไร?,Countdown Timer,Price Anchor — แสดงราคาเต็มก่อนบอกราคาลด,Scarcity,Social Proof,B,ขั้นที่ 1 คือการสร้าง Price Anchor ให้ผู้ชมเห็นว่า 'ลดจากราคาเท่าไร',MCQ,FOMO Ladder,TRUE,"SIGNAL,MATRIX",เรียน FOMO Ladder ให้ครบ เพิ่ม CR ได้จริง,ถูก=ผ่าน,DEVELOPING
QG02-PRE-A-002,QG-02,Hook Loop & FOMO Ladder,Pre,A,Remember,สีที่จิตวิทยาแนะนำให้ใช้กับ Flash Sale Badge คือ?,สีส้ม,สีเหลือง,สีแดง #FF0000,สีน้ำเงิน,C,สีแดงกระตุ้น Arousal สูงสุด ทำให้ผู้ชมรู้สึกเร่งด่วน,MCQ,"FOMO,สีจิตวิทยา",FALSE,,,ถูก=ผ่าน,DEVELOPING
QG02-PRE-A-003,QG-02,Hook Loop & FOMO Ladder,Pre,A,Remember,FOMO Ladder ขั้นที่ 3 สร้างอะไร?,Countdown Timer,ราคาอ้างอิง,Scarcity (ความขาดแคลน),Social Proof,C,เหลือแค่ 12 ชิ้น!' สร้างความรู้สึกว่าต้องรีบก่อนหมด,MCQ,"FOMO Ladder,Scarcity",FALSE,,,ถูก=ผ่าน,DEVELOPING
QG02-PRE-A-004,QG-02,Hook Loop & FOMO Ladder,Pre,A,Understand,Voucher Stacking (Affiliate + Seller Voucher) ให้ผลอะไรต่อ Algorithm?,+5% Boost,+10% Boost,+15% Algorithm Boost,+20% Boost,C,Voucher Stacking ส่งสัญญาณให้ Algorithm ว่า live กำลัง active,MCQ,"FOMO,Algorithm",FALSE,MATRIX,,ถูก=ผ่าน,DEVELOPING
QG02-PRE-A-005,QG-02,Hook Loop & FOMO Ladder,Pre,A,Remember,True/False: Flash Sale Badge ที่กะพริบ 0.8 วินาที ช่วยเพิ่ม Conversion,TRUE,FALSE,,,A,True — การกะพริบสร้าง Arousal และดึงดูดสายตา,True_False,"FOMO,Flash Sale",FALSE,,,ถูก=ผ่าน,DEVELOPING
QG02-POST-A-001,QG-02,Hook Loop & FOMO Ladder,Post,A,Apply,"[เขียน] เขียนสคริปต์ FOMO 4 ขั้นสำหรับหูฟัง ราคา 2,500 บ. ลดเหลือ 1,290 บ.",,,,,"ขั้น1: 'ปกติ 2,500 บ.' | ขั้น2: 'เหลือเวลาอีก 10 นาที' | ขั้น3: 'สต็อกเหลือแค่ 12 ชิ้น' | ขั้น4: 'มีคนสั่งไปแล้ว 20 คนในห้องนี้'",,Short_Answer,FOMO Ladder,FALSE,,,เกณฑ์: ครบ 4 ขั้น ถูกประเภท,DEVELOPING
QG02-POST-A-002,QG-02,Hook Loop & FOMO Ladder,Post,A,Apply,[คำนวณ] CR ปัจจุบัน 2% หลังใช้ FOMO ครบ 4 ขั้น (+247%) — CR ใหม่จะเป็นเท่าไร?,4.94%,5.47%,6.94%,8.47%,C,2% × (1+2.47) = 2% × 3.47 = 6.94%,MCQ,"FOMO,CR,คำนวณ",FALSE,,,ถูก=ผ่าน,DEVELOPING
QG02-POST-A-003,QG-02,Hook Loop & FOMO Ladder,Post,A,Analyze,[จับคู่] ขั้น FOMO กับหน้าที่ — ขั้น 2 คือ?,Price Anchor,Urgency (Countdown),Scarcity,Social Proof,B,ขั้น 2 = Urgency — ใช้ Countdown Timer สร้างความเร่งด่วน,MCQ,FOMO Ladder,FALSE,,,ถูก=ผ่าน,DEVELOPING
QG02-POST-A-004,QG-02,Hook Loop & FOMO Ladder,Post,A,Analyze,True/False: ควรใช้ Countdown ที่เป็นเท็จเพื่อสร้าง Urgency,TRUE,FALSE,,,B,False — ทำลาย Trust ระยะยาว ผู้ชมจะรู้สึกถูกหลอก,True_False,"FOMO,Trust",FALSE,,,ถูก=ผ่าน,DEVELOPING
QG02-POST-A-005,QG-02,Hook Loop & FOMO Ladder,Post,A,Synthesize,"[เขียน Set-B] เขียน FOMO 4 ขั้นสำหรับเตาอบไฟฟ้า ราคา 3,900 บ. ลดเหลือ 2,490 บ.",,,,,"ขั้น1: 'ปกติ 3,900 บ.' | ขั้น2: 'Flash Sale หมดเที่ยงคืน' | ขั้น3: 'เหลือ 8 ชิ้่น' | ขั้น4: 'มีคนกดสั่งไป 15 ใบใน 5 นาที'",,Short_Answer,FOMO Ladder,FALSE,,,เกณฑ์: ครบ 4 ขั้น สินค้าและตัวเลขต้องต่างจาก Set-A,DEVELOPING
QG03-PRE-A-001,QG-03,"Voice, Camera & Trust Architecture",Pre,A,Understand,Strategic Pause ใช้ตอนไหน?,เมื่อลืมสคริปต์,หยุด 1-2 วินาทีก่อนบอกราคา/ข้อเสนอสำคัญ,เมื่อเสียงหาย,หลังพูดครบ 5 นาที,B,Strategic Pause สร้าง Anticipation ทำให้ผู้ชมรอฟังด้วยความตั้งใจ,MCQ,"Voice,Strategic Pause",TRUE,"SIGNAL,STAGE",เสริมเทคนิคเสียงขั้นสูง เรียน SIGNAL,ถูก=ผ่าน,COMPETENT
QG03-PRE-A-002,QG-03,"Voice, Camera & Trust Architecture",Pre,A,Remember,Dead Air ที่ยอมรับได้ไม่เกินกี่วินาที?,1 วินาที,2 วินาที,3 วินาที,5 วินาที,C,Dead Air >3 วินาที ทำให้ผู้ชมเลื่อนออก,MCQ,"Voice,Dead Air",FALSE,,,ถูก=ผ่าน,COMPETENT
QG03-PRE-A-003,QG-03,"Voice, Camera & Trust Architecture",Pre,A,Remember,3 มิติของ Source Credibility คือ?,Expertise / Trustworthiness / Attractiveness,Speed / Clarity / Volume,Hook / Story / CTA,Pleasure / Arousal / Dominance,A,Source Credibility ของ Hovland et al. ประกอบด้วย 3 มิตินี้,MCQ,"Trust,Credibility",FALSE,,,ถูก=ผ่าน,COMPETENT
QG03-PRE-A-004,QG-03,"Voice, Camera & Trust Architecture",Pre,A,Understand,การยอมรับข้อเสียของสินค้าเพิ่มมิติใดของ Source Credibility?,Expertise,Trustworthiness,Attractiveness,ไม่มีประโยชน์,B,การพูดตรงไปตรงมาแม้แต่เรื่องข้อเสีย สร้างความน่าเชื่อถือ,MCQ,"Trust,Trustworthiness",FALSE,,,ถูก=ผ่าน,COMPETENT
QG03-PRE-A-005,QG-03,"Voice, Camera & Trust Architecture",Pre,A,Understand,เมื่อไหร่ควรใช้ Whisper Trick?,เมื่อต้องการพูดข้อมูลลับ,เมื่อ CCV ลดลงหรือห้องเริ่มเงียบ,เมื่อสินค้าหมด,เมื่อเสียงดัง,B,Whisper ดึงความสนใจด้วยความแตกต่างของโทนเสียง,MCQ,"Voice,Whisper Trick",FALSE,,,ถูก=ผ่าน,COMPETENT
QG03-POST-A-001,QG-03,"Voice, Camera & Trust Architecture",Post,A,Apply,[เขียน] ผู้ชมถาม 'ทำไมครีมแพงจัง' — ตอบด้วยหลัก Trustworthiness 2 ประโยค,,,,,เข้าใจครับ ราคาแพงเพราะส่วนผสมนำเข้า อย.รับรองค่ะ เราไม่ตัดคุณภาพ — ลองดูก่อนได้ มีรับประกัน 30 วัน',,Short_Answer,"Trust,Trustworthiness",FALSE,,,เกณฑ์: ยอมรับข้อกังวล + ให้เหตุผลจริง,COMPETENT
QG03-POST-A-002,QG-03,"Voice, Camera & Trust Architecture",Post,A,Apply,[จับคู่] 'แสดงใบรับรอง อย.' เพิ่มมิติใดของ Source Credibility?,Trustworthiness,Expertise,Attractiveness,ทั้งหมด,B,ใบรับรองและหลักฐานแสดงความเชี่ยวชาญ = Expertise,MCQ,"Trust,Expertise",FALSE,,,ถูก=ผ่าน,COMPETENT
QG03-POST-A-003,QG-03,"Voice, Camera & Trust Architecture",Post,A,Analyze,[Scenario] พูดเร็วต่อเนื่อง 5 นาที ผู้ชมแชท 'พูดเร็วมาก' — แนะนำ 2 วิธีแก้,,,,,1) หายใจทุกวรรค/ประโยค  2) ใช้ Strategic Pause ก่อนข้อมูลสำคัญ เช่น ก่อนบอกราคา,,Short_Answer,"Voice,Pacing",FALSE,,,เกณฑ์: 2 วิธีที่ใช้ได้จริง,COMPETENT
QG03-POST-A-004,QG-03,"Voice, Camera & Trust Architecture",Post,A,Evaluate,True/False: ควรจ้องหน้าจอโทรศัพท์ตัวเองเพื่อดูหน้าตาระหว่างไลฟ์,TRUE,FALSE,,,B,False — ควรจ้องเลนส์กล้องโดยตรง การมองจอตัดการสบตาผู้ชม,True_False,"Camera,Eye-line",FALSE,,,ถูก=ผ่าน,COMPETENT
QG03-POST-A-005,QG-03,"Voice, Camera & Trust Architecture",Post,A,Evaluate,[Practical] บันทึกเสียงพูด 'ราคานี้ 590 บาท' 2 แบบ: ปกติ vs Strategic Pause — ส่งผู้สอนประเมิน,,,,,ส่งไฟล์เสียง — ประเมินโดย Rubric Voice (Rubric ≥3/4 = ผ่าน),,Practical,"Voice,Strategic Pause",FALSE,,,Rubric Voice ≥3/4,COMPETENT
QG04-PRE-A-001,QG-04,Buyer Psychology — S-O-R & PAD Theory,Pre,A,Remember,S-O-R ย่อมาจากอะไร?,Sales-Offer-Result,Stimulus-Organism-Response,System-Output-Report,Story-Object-Reaction,B,S-O-R Framework: Stimulus (สิ่งกระตุ้น) → Organism (จิตใจ) → Response (พฤติกรรม),MCQ,"S-O-R,จิตวิทยา",TRUE,"SIGNAL,FRONTIER",เรียนจิตวิทยาผู้บริโภคเพิ่มเติมใน SIGNAL,ถูก=ผ่าน,COMPETENT
QG04-PRE-A-002,QG-04,Buyer Psychology — S-O-R & PAD Theory,Pre,A,Remember,PAD ย่อมาจากอะไร?,Product-Audience-Design,Pleasure-Arousal-Dominance,Price-Appeal-Delivery,Push-Attract-Drive,B,PAD Theory ของ Mehrabian: Pleasure / Arousal / Dominance,MCQ,PAD Theory,FALSE,,,ถูก=ผ่าน,COMPETENT
QG04-PRE-A-003,QG-04,Buyer Psychology — S-O-R & PAD Theory,Pre,A,Understand,Flow State เกิดเมื่อ PAD ตัวใดถูกกระตุ้นพร้อมกัน?,Pleasure + Dominance,Arousal + Dominance,Pleasure + Arousal,ทั้ง 3 ตัว,C,Pleasure + Arousal พร้อมกัน = Flow State = Impulse Buy,MCQ,"PAD Theory,Flow State",FALSE,,,ถูก=ผ่าน,COMPETENT
QG04-PRE-A-004,QG-04,Buyer Psychology — S-O-R & PAD Theory,Pre,A,Understand,Stimulus ทางสังคมที่ทรงพลังที่สุดใน Live Commerce คือ?,ภาพคมชัด,ตอบแชทเร็วและเป็นกันเอง,Countdown Timer,ราคาถูก,B,การตอบแชทเร็ว สร้าง Social Stimulus ที่แรงที่สุด,MCQ,"S-O-R,Social Stimulus",FALSE,,,ถูก=ผ่าน,COMPETENT
QG04-POST-A-001,QG-04,Buyer Psychology — S-O-R & PAD Theory,Post,A,Analyze,"[Scenario] Countdown สีแดง + เสียงหัวเราะ + 'เหลือ 10 ชิ้น!' → ยอดพุ่ง — ระบุ S, O, R",,,,,S: Countdown+สีแดง+เสียงหัวเราะ+ป้าย Scarcity | O: Arousal↑+Pleasure↑ | R: Impulse Purchase,,Short_Answer,S-O-R,FALSE,,,"เกณฑ์: ระบุครบ S, O, R ถูกต้อง",COMPETENT
QG04-POST-A-002,QG-04,Buyer Psychology — S-O-R & PAD Theory,Post,A,Analyze,จาก Scenario ข้างต้น — PAD ตัวใดถูกกระตุ้นมากที่สุด?,Pleasure,Arousal,Dominance,ทั้ง 3 เท่าๆ กัน,B,Arousal — สีแดง + Scarcity สร้างความตื่นเต้นและเร่งด่วน,MCQ,"PAD Theory,Arousal",FALSE,,,ถูก=ผ่าน,COMPETENT
QG04-POST-A-003,QG-04,Buyer Psychology — S-O-R & PAD Theory,Post,A,Apply,[เขียน] เขียน 1 วิธีเพิ่ม Pleasure โดยไม่ลด Trust,,,,,เล่นเกมแจกคูปอง / ใช้มุกตลกเบา / เปิดเพลงสนุก / ให้ผู้ชมโหวตสินค้า,,Short_Answer,"PAD Theory,Pleasure",FALSE,,,เกณฑ์: วิธีที่สร้าง Pleasure โดยไม่โกหก,COMPETENT
QG04-POST-A-004,QG-04,Buyer Psychology — S-O-R & PAD Theory,Post,A,Evaluate,วิธีใดเพิ่ม Arousal โดยไม่ทำลาย Trust?,โกหกสต็อก,Flash Sale Badge จริง + Countdown ตามจริง,พูดดังๆ ตลอดเวลา,ขู่ว่าจะยกเลิกโปร,B,Urgency ที่เป็นความจริงสร้าง Arousal ได้โดยไม่ทำลาย Trust,MCQ,"PAD Theory,Trust",FALSE,,,ถูก=ผ่าน,COMPETENT
QG05-PRE-A-001,QG-05,Analytics & KPI Calculation,Pre,A,Remember,CCV ย่อมาจากอะไร?,Customer Conversion Value,Concurrent Viewers,Click-to-Cart Volume,Content Creation Value,B,CCV = Concurrent Viewers = จำนวนคนดูพร้อมกัน ณ ขณะนั้น,MCQ,"KPI,CCV",TRUE,"MICRO EXPRESS,MATRIX",เรียน Analytics ขั้นสูงใน MATRIX,ถูก=ผ่าน,PROFICIENT
QG05-PRE-A-002,QG-05,Analytics & KPI Calculation,Pre,A,Remember,สูตร Conversion Rate คือ?,GMV ÷ ผู้ชม × 100,ออร์เดอร์ ÷ ผู้ชม × 100,ออร์เดอร์ × ราคา,GMV ÷ ออร์เดอร์,B,CR = (จำนวนออร์เดอร์ ÷ จำนวนผู้ชมทั้งหมด) × 100,MCQ,"KPI,CR,สูตร",FALSE,,,ถูก=ผ่าน,PROFICIENT
QG05-PRE-A-003,QG-05,Analytics & KPI Calculation,Pre,A,Remember,GMV ย่อมาจากอะไร?,General Market Value,Gross Merchandise Value,Global Media Volume,Growth Metric Value,B,GMV = Gross Merchandise Value = มูลค่าสินค้ารวมที่ขายได้,MCQ,"KPI,GMV",FALSE,,,ถูก=ผ่าน,PROFICIENT
QG05-PRE-A-004,QG-05,Analytics & KPI Calculation,Pre,A,Apply,"AOV จากยอดขาย 50,000 บ. ออร์เดอร์ 40 ใบ = ?","1,000 บ.","1,250 บ.","1,500 บ.","2,000 บ.",B,"AOV = 50,000 ÷ 40 = 1,250 บาท",MCQ,"KPI,AOV,คำนวณ",FALSE,,,ถูก=ผ่าน,PROFICIENT
QG05-PRE-A-005,QG-05,Analytics & KPI Calculation,Pre,A,Remember,ปัจจัยน้ำหนักมากสุดใน TikTok Live Score คือ?,Watch Time 30%,CCV 35%,GMV/CCV 25%,Chat Velocity 10%,B,CCV มีน้ำหนัก 35% สูงที่สุดใน Live Score,MCQ,"KPI,Live Score,TikTok",FALSE,,,ถูก=ผ่าน,PROFICIENT
QG05-PRE-A-006,QG-05,Analytics & KPI Calculation,Pre,A,Remember,Add-to-Cart Rate ที่ถือว่าดีต้องมากกว่าเท่าไร?,>3%,>5%,>8%,>10%,C,Add-to-Cart Rate >8% ถือว่าดี,MCQ,"KPI,Add-to-Cart",FALSE,,,ถูก=ผ่าน,PROFICIENT
QG05-POST-A-001,QG-05,Analytics & KPI Calculation,Post,A,Apply,"[คำนวณ] ไลฟ์ 2 ชม. / ผู้ชม 1,200 คน / ออร์เดอร์ 35 ใบ / GMV 38,500 บ. — คำนวณ Conversion Rate",2.08%,2.50%,2.92%,3.33%,C,"CR = 35 ÷ 1,200 × 100 = 2.92% (ต่ำกว่าเป้า >3%)",MCQ,"KPI,CR,คำนวณ",FALSE,,,ถูก=ผ่าน,PROFICIENT
QG05-POST-A-002,QG-05,Analytics & KPI Calculation,Post,A,Apply,[คำนวณ] จาก Scenario เดิม — คำนวณ AOV,900 บ.,"1,000 บ.","1,100 บ.","1,200 บ.",C,"AOV = 38,500 ÷ 35 = 1,100 บาท",MCQ,"KPI,AOV,คำนวณ",FALSE,,,ถูก=ผ่าน,PROFICIENT
QG05-POST-A-003,QG-05,Analytics & KPI Calculation,Post,A,Evaluate,[วิเคราะห์] Return Rate 18% สูงเกินเกณฑ์หรือไม่? ถ้าสูงควรแก้อย่างไร?,,,,,สูงเกิน (เกณฑ์ <15%) → ปรับปรุง Demo 3 มุม + เพิ่มแสง + แสดงขนาดชัดขึ้น,,Short_Answer,"KPI,Return Rate",FALSE,,,เกณฑ์: ระบุว่าสูงเกิน + มีวิธีแก้,PROFICIENT
QG05-POST-A-004,QG-05,Analytics & KPI Calculation,Post,A,Apply,"[Live Score] CCV=120, Watch Time%=40, GMV/CCV=120 บ., Chat=8 — คะแนน Live Score = ?",74.8,79.8,84.8,89.8,C,(120×0.35)+(40×0.30)+(120×0.25)+(8×0.10) = 42+12+30+0.8 = 84.8,MCQ,"KPI,Live Score,คำนวณ",FALSE,,,ถูก=ผ่าน,PROFICIENT
QG05-POST-A-005,QG-05,Analytics & KPI Calculation,Post,A,Evaluate,"[SKU เปรียบเทียบ] สินค้า A: 1,800บ./CR1%/Return25% vs B: 690บ./CR4%/Return8% (ผู้ชม 200คน) — ควรเลือกไหน?",A เพราะราคาสูงกว่า,B เพราะ GMV จริงสูงกว่า,A เพราะ CR ต่างกันน้อย,เท่ากัน,B,"B: 690×200×0.04×0.92 = 5,078 บ. vs A: 1,800×200×0.01×0.75 = 2,700 บ.",MCQ,"KPI,SKU,GMV,คำนวณ",FALSE,,,ถูก=ผ่าน,PROFICIENT
QG06-PRE-A-001,QG-06,Brand Identity & Production,Pre,A,Understand,Soul ที่รับมือวิกฤตหน้ากล้องได้ดีที่สุดคือ?,นักจิตวิทยา,สถาปนิก,นักแสดงละครเวที,ผู้เชี่ยวชาญ,C,นักแสดงละครเวที = Improvisation ได้ทันที รับมือทุกสถานการณ์,MCQ,"5 Hidden Souls,Brand",TRUE,"STAGE,BLUEPRINT",เรียนระบบ Production ขั้นสูงใน BLUEPRINT,ถูก=ผ่าน,PROFICIENT
QG06-PRE-A-002,QG-06,Brand Identity & Production,Pre,A,Understand,Soul 'วาทยากร' ควบคุมอะไร?,เนื้อหาสคริปต์,Pacing และพลังงานของห้อง,ความสวยงามของฉาก,ยอดขาย,B,"วาทยากร = ควบคุม Pacing, จังหวะ, พลังงานของ live ทั้งชั่วโมง",MCQ,5 Hidden Souls,FALSE,,,ถูก=ผ่าน,PROFICIENT
QG06-PRE-A-003,QG-06,Brand Identity & Production,Pre,A,Remember,CD ใน Brand CI ย่อมาจากอะไร?,Customer Design,Corporate Design,Content Direction,Creative Development,B,CD = Corporate Design = สี แสง พื้นหลัง เสื้อผ้า ทุกองค์ประกอบที่มองเห็น,MCQ,"Brand CI,CD",FALSE,,,ถูก=ผ่าน,PROFICIENT
QG06-PRE-A-004,QG-06,Brand Identity & Production,Pre,A,Understand,Impact Formula มีโครงสร้างอย่างไร?,Hook + Story + CTA,ช่วย [กลุ่มเป้าหมาย] ให้ [ผลลัพธ์] ด้วย [จุดเด่น],Problem + Solution + Proof,Before + After + Bridge,B,Impact Formula: ช่วย [ใคร] ให้ [ได้อะไร] ด้วย [วิธีพิเศษอะไร],MCQ,"Brand,Impact Formula",FALSE,,,ถูก=ผ่าน,PROFICIENT
QG06-PRE-A-005,QG-06,Brand Identity & Production,Pre,A,Remember,OBS คืออะไร?,ระบบชำระเงิน,ซอฟต์แวร์สลับกล้อง/ฉากสดระหว่างไลฟ์,แอปตัดต่อวิดีโอ,ระบบ CRM,B,OBS (Open Broadcaster Software) ใช้สลับ scene ระหว่าง live,MCQ,"Production,OBS",FALSE,,,ถูก=ผ่าน,PROFICIENT
QG06-POST-A-001,QG-06,Brand Identity & Production,Post,A,Apply,[Matching] จับคู่ Soul กับพฤติกรรม — 'อ่านแชทตอบด้วยความเข้าอกเข้าใจ' คือ Soul ใด?,นักแสดงละครเวที,สถาปนิก,นักจิตวิทยา,วาทยากร,C,นักจิตวิทยา = เข้าใจความรู้สึกผู้ชม ตอบสนองด้วยความเห็นใจ,MCQ,5 Hidden Souls,FALSE,,,ถูก=ผ่าน,PROFICIENT
QG06-POST-A-002,QG-06,Brand Identity & Production,Post,A,Synthesize,[Scenario] ไฟดับระหว่าง Flash Sale — ใช้ Soul ใด? พูดว่าอะไร?,,,,,นักแสดงละครเวที — 'ขออภัยครับ ระบบดับนิดนึง อีก 1 นาทีกลับมา ระหว่างนี้กดสั่งได้เลยนะครับ',,Short_Answer,"5 Hidden Souls,Crisis",FALSE,,,เกณฑ์: ระบุ Soul + บทพูดสมเหตุสมผล Recovery <10 วิ,PROFICIENT
QG06-POST-A-003,QG-06,Brand Identity & Production,Post,A,Apply,[เขียน] เขียน Impact Formula สำหรับตัวเองในฐานะ Live Commerce Host 1 ประโยค,,,,,ตัวอย่าง: 'ช่วยแบรนด์ SME ให้ขายได้ GMV 100K ต่อไลฟ์ ด้วยเทคนิค Psychology-First',,Short_Answer,"Brand,Impact Formula",FALSE,,,เกณฑ์: ครบ 3 ส่วน (กลุ่ม + ผลลัพธ์ + จุดเด่น),PROFICIENT
QG06-POST-A-004,QG-06,Brand Identity & Production,Post,A,Apply,[Scenario] Producer สลับกล้องช้า 2 วินาที — โฮสต์ควรพูดว่าอะไร?,,,,,ขออภัยครับ ระบบหน่วงนิดนึง ขอบคุณที่รอนะครับ' (ไม่โทษทีม),,Short_Answer,"Production,Team",FALSE,,,เกณฑ์: ตอบภายใน 10 วิ + ไม่โทษใคร,PROFICIENT
QG06-POST-A-005,QG-06,Brand Identity & Production,Post,A,Analyze,ตัวอย่าง CB (Corporate Behavior) ที่ดีคืออะไร?,ลดราคาทันทีเมื่อลูกค้าไม่พอใจ,ตอบสนองต่อข้อผิดพลาดอย่างสง่างาม ไม่ตื่นตระหนก,โฆษณาทุกแพลตฟอร์ม,ใช้สคริปต์เดิมทุกไลฟ์,B,CB = พฤติกรรมองค์กร = วิธีที่แบรนด์แสดงออกในทุกสถานการณ์,MCQ,"Brand CI,CB",FALSE,,,ถูก=ผ่าน,PROFICIENT
QG07-PRE-A-001,QG-07,"Business, P&L & Global Strategy",Pre,A,Remember,Net Margin ที่เหมาะสมใน Live Commerce คือ?,5-10%,10-15%,20-30%,35-50%,C,Net Margin เป้าหมาย = 20-30%,MCQ,"P&L,Net Margin",TRUE,FRONTIER,เรียน P&L ครบจบใน FRONTIER,ถูก=ผ่าน,MASTER
QG07-PRE-A-002,QG-07,"Business, P&L & Global Strategy",Pre,A,Remember,ROAS ย่อมาจากอะไร?,Return on Asset Sales,Return on Ad Spend,Revenue on All Sales,Rate of Annual Sales,B,ROAS = Return on Ad Spend = ทุก 1 บาทโฆษณาได้ผลตอบแทนเท่าไร,MCQ,"P&L,ROAS",FALSE,,,ถูก=ผ่าน,MASTER
QG07-PRE-A-003,QG-07,"Business, P&L & Global Strategy",Pre,A,Understand,Localization คืออะไร?,การแปลภาษาอย่างเดียว,ปรับเนื้อหา ภาษา บริบทให้เหมาะกับตลาดท้องถิ่น,การขายในต่างประเทศ,การจ้างโฮสต์ท้องถิ่น,B,Localization ≠ Translation เพราะต้องปรับวัฒนธรรม พฤติกรรม และบริบทด้วย,MCQ,"Global,Localization",FALSE,,,ถูก=ผ่าน,MASTER
QG07-PRE-A-004,QG-07,"Business, P&L & Global Strategy",Pre,A,Remember,ข้อห้ามทางวัฒนธรรมสำคัญในตลาดจีนคือ?,ห้ามใช้สีแดง,ห้ามใช้เลข 4 + ห้ามพูดการเมือง,ห้ามแสดงราคา,ห้ามเปรียบเทียบสินค้า,B,เลข 4 ออกเสียงคล้าย 'ตาย' ในภาษาจีน + การเมืองเป็นเรื่องละเอียดอ่อน,MCQ,"Global,China,วัฒนธรรม",FALSE,,,ถูก=ผ่าน,MASTER
QG07-POST-A-001,QG-07,"Business, P&L & Global Strategy",Post,A,Apply,[P&L] ราคา 690 บ. / ขาย 45 ชิ้น — คำนวณ GMV,"28,000 บ.","30,000 บ.","31,050 บ.","32,500 บ.",C,"GMV = 690 × 45 = 31,050 บาท",MCQ,"P&L,GMV,คำนวณ",FALSE,,,ถูก=ผ่าน,MASTER
QG07-POST-A-002,QG-07,"Business, P&L & Global Strategy",Post,A,Apply,"[P&L] Referral 8% + Affiliate 15% ของ GMV 31,050 บ. — ค่าธรรมเนียมรวม = ?","6,200 บ.","7,141.5 บ.","7,500 บ.","8,000 บ.",B,"(8%+15%) × 31,050 = 23% × 31,050 = 7,141.5 บาท",MCQ,"P&L,ค่าธรรมเนียม,คำนวณ",FALSE,,,ถูก=ผ่าน,MASTER
QG07-POST-A-003,QG-07,"Business, P&L & Global Strategy",Post,A,Apply,"[P&L] Net Revenue ก่อนต้นทุน (GMV 31,050 - ค่าธรรมเนียม 7,141.5 - โฆษณา 1,200) = ?","21,508.5 บ.","22,708.5 บ.","23,908.5 บ.","24,500 บ.",C,"31,050 - 7,141.5 - 1,200 = 22,708.5 บาท",MCQ,"P&L,Net Revenue,คำนวณ",FALSE,,,ถูก=ผ่าน,MASTER
QG07-POST-A-004,QG-07,"Business, P&L & Global Strategy",Post,A,Apply,[P&L] ต้นทุนสินค้า 300 บ./ชิ้น ขาย 45 ชิ้น — ต้นทุนรวม = ?,"12,000 บ.","13,000 บ.","13,500 บ.","14,000 บ.",C,"ต้นทุน = 300 × 45 = 13,500 บาท",MCQ,"P&L,ต้นทุน,คำนวณ",FALSE,,,ถูก=ผ่าน,MASTER
QG07-POST-A-005,QG-07,"Business, P&L & Global Strategy",Post,A,Apply,"[P&L] Net Profit (Net Revenue 22,708.5 - ต้นทุน 13,500) = ?","8,208.5 บ.","9,208.5 บ.","10,208.5 บ.","11,208.5 บ.",B,"Net Profit = 22,708.5 - 13,500 = 9,208.5 บาท",MCQ,"P&L,Net Profit,คำนวณ",FALSE,,,ถูก=ผ่าน,MASTER
QG07-POST-A-006,QG-07,"Business, P&L & Global Strategy",Post,A,Apply,"[P&L] Net Margin % = Net Profit 9,208.5 ÷ GMV 31,050 × 100 = ?",25.66%,27.66%,29.66%,31.66%,C,"9,208.5 ÷ 31,050 × 100 = 29.66% (อยู่ในเกณฑ์ 20-30% ✅)",MCQ,"P&L,Net Margin,คำนวณ",FALSE,,,ถูก=ผ่าน,MASTER
QG07-POST-A-007,QG-07,"Business, P&L & Global Strategy",Post,A,Create,"[Agency Break-even] ต้นทุนคงที่ 50,000/เดือน จ้างโฮสต์ 15,000/คน GMV/โฮสต์ 200,000 คอมมิชชัน 15% — ต้องโฮสต์กี่คนถึงจุดคุ้มทุน?",2 คน,3 คน,4 คน,5 คน,C,"รายได้/โฮสต์ = 30,000 | 30,000x = 50,000+15,000x | 15,000x = 50,000 | x = 3.33 → ต้อง 4 คน",MCQ,"P&L,Break-even,คำนวณ",FALSE,,,ถูก=ผ่าน,MASTER
QG07-POST-A-008,QG-07,"Business, P&L & Global Strategy",Post,A,Analyze,[Global] จับคู่ตลาดกับข้อกำหนด — ตลาด EU ต้องการอะไรเป็นพิเศษ?,Local warehouse,VAT Declaration,อย. ไทย,ง่ายที่สุด ไม่มีเงื่อนไขพิเศษ,B,EU และ UK บังคับ VAT Declaration,MCQ,"Global,EU,VAT",FALSE,,,ถูก=ผ่าน,MASTER
QG07-POST-A-009,QG-07,"Business, P&L & Global Strategy",Post,A,Create,[Global Pitch] เขียน Pitch สำหรับ 'ข้าวเหนียวมะม่วง' 1-2 ประโยค เป็นภาษาอังกฤษ,,,,,"ตัวอย่าง: 'Discover Thailand's most beloved dessert — sticky rice with fresh mango, a perfect blend of sweet and creamy that melts in your mouth. Order now and bring Thailand to your table.'",,Short_Answer,"Global,Pitch,ภาษาอังกฤษ",FALSE,,,เกณฑ์: สื่อสารได้ ถูกต้องตามวัฒนธรรม,MASTER
DIAG-001,QG-01,Attention & Hook Mechanics,Diagnostic,A,Remember,[Diagnostic] คนดู TikTok ใช้เวลาตัดสินใจเลื่อนผ่านเฉลี่ยกี่วินาที?,8 วินาที,2.3 วินาที,5 วินาที,15 วินาที,B,สถิติ Attention Economy 2025-2026,MCQ,"Hook,Attention",TRUE,MICRO EXPRESS,ถ้าไม่ทราบ — เรียน MICRO EXPRESS ก่อน,ถูก=ผ่าน,STARTER
DIAG-002,QG-02,Hook Loop & FOMO Ladder,Diagnostic,A,Remember,[Diagnostic] FOMO Ladder มีกี่ขั้น?,2 ขั้น,3 ขั้น,4 ขั้น,5 ขั้น,C,FOMO Ladder มี 4 ขั้น: Price Anchor → Urgency → Scarcity → Social Proof,MCQ,FOMO Ladder,TRUE,"SIGNAL,MATRIX",เรียน FOMO ให้ครบ ใน SIGNAL,ถูก=ผ่าน,DEVELOPING
DIAG-003,QG-03,"Voice, Camera & Trust Architecture",Diagnostic,A,Remember,[Diagnostic] Dead Air ที่ยอมรับได้ไม่เกินกี่วินาที?,1 วินาที,2 วินาที,3 วินาที,5 วินาที,C,Dead Air >3 วินาที ทำให้ผู้ชมเลื่อนออก,MCQ,"Voice,Dead Air",TRUE,"SIGNAL,STAGE",เรียน Vocal Dynamics ใน SIGNAL,ถูก=ผ่าน,COMPETENT
DIAG-004,QG-04,Buyer Psychology — S-O-R & PAD Theory,Diagnostic,A,Remember,[Diagnostic] PAD Theory ย่อมาจากอะไร?,Price-Audience-Design,Pleasure-Arousal-Dominance,Push-Attract-Drive,Product-Appeal-Delivery,B,PAD = Pleasure / Arousal / Dominance,MCQ,PAD Theory,TRUE,SIGNAL,เรียน จิตวิทยาผู้บริโภค ใน SIGNAL,ถูก=ผ่าน,COMPETENT
DIAG-005,QG-05,Analytics & KPI Calculation,Diagnostic,A,Remember,[Diagnostic] GMV ย่อมาจากอะไร?,General Market Value,Gross Merchandise Value,Global Media Volume,Growth Metric Value,B,GMV = Gross Merchandise Value = ยอดขายรวมก่อนหักค่าใช้จ่าย,MCQ,"KPI,GMV",TRUE,"MICRO EXPRESS,MATRIX",เรียน Analytics ใน MATRIX,ถูก=ผ่าน,PROFICIENT
DIAG-006,QG-06,Brand Identity & Production,Diagnostic,A,Remember,[Diagnostic] ใน Live Commerce ทีม Production มีกี่บทบาทหลัก?,2 บทบาท,3 บทบาท,4 บทบาท,5 บทบาท,C,"Host, Producer, Chat Moderator, Inventory Manager",MCQ,"Production,Team",TRUE,BLUEPRINT,เรียน Production Setup ใน BLUEPRINT,ถูก=ผ่าน,PROFICIENT
DIAG-007,QG-07,"Business, P&L & Global Strategy",Diagnostic,A,Remember,[Diagnostic] Net Margin ที่เหมาะสมใน Live Commerce คือ?,5-10%,10-15%,20-30%,40-50%,C,Net Margin เป้าหมาย = 20-30%,MCQ,"P&L,Net Margin",TRUE,FRONTIER,เรียน P&L ใน FRONTIER,ถูก=ผ่าน,MASTER
QG01-PRE-A-007,QG-01,Attention & Hook Mechanics,Pre,A,Understand,Social Proof แบบใดทรงพลังที่สุดใน 30 วินาทีแรกของไลฟ์?,"""อินฟลูเอนเซอร์ดังๆ ก็ใช้ผลิตภัณฑ์นี้""","""มีคนกดสั่งไปแล้ว 847 ออร์เดอร์ รีวิว 5 ดาว 94%""","""สินค้านี้ดีมากจริงๆ ค่ะ""","""แบรนด์นี้อยู่มา 10 ปีแล้ว""",B,ตัวเลขจริงที่ตรวจสอบได้น่าเชื่อถือกว่าชื่อคนดัง เพราะเป็น Objective Data,MCQ,"Hook,Social Proof",FALSE,MICRO EXPRESS,,ถูก=ผ่าน,STARTER
QG01-POST-A-007,QG-01,Attention & Hook Mechanics,Post,A,Apply,[เขียน] เขียนช่วง 15 วินาที (Value Preview) สำหรับสินค้า 'น้ำหอมลดราคา 50%' 1-2 ประโยค,,,,,ตัวอย่าง: 'วันนี้เราจะเปิด 3 กลิ่นที่ผู้หญิงขอให้กลับมาขายซ้ำ พร้อมแถมเทคนิคฉีดให้หอมทั้งวัน',,Short_Answer,"Hook,Value Preview",FALSE,MICRO EXPRESS,,เกณฑ์: บอก 'จะได้อะไร' ชัดเจน ไม่ใช่แค่บอกชื่อสินค้า,STARTER
QG01-POST-A-008,QG-01,Attention & Hook Mechanics,Post,A,Apply,"[เขียน] จากข้อมูล: ออร์เดอร์ 1,230 ชิ้น รีวิว 4.9 ดาว จาก 2,000 คน — จงเขียน Social Proof 1 ประโยค",,,,,"ตัวอย่าง: 'สินค้าตัวนี้มีคนสั่งไปแล้ว 1,230 ชิ้น คะแนนรีวิว 4.9 จาก 2,000 คน — ตัวเลขพูดแทนได้'",,Short_Answer,"Hook,Social Proof",FALSE,MICRO EXPRESS,,เกณฑ์: ใช้ตัวเลขจากโจทย์ครบ ไม่แต่งตัวเลขใหม่,STARTER
QG01-POST-A-009,QG-01,Attention & Hook Mechanics,Post,A,Apply,"[Inverted Pyramid] เปลี่ยนประโยคนี้ให้เอาผลลัพธ์ขึ้นก่อน: 'ครีมตัวนี้มี Hyaluronic Acid 2%, Niacinamide 5%, ราคา 590 บาท'","""ครีมราคา 590 บาท มีสารสำคัญ 2 ตัว""","""ลดริ้วรอยได้ใน 7 วัน ด้วยครีม 590 บาทที่มีสารออกฤทธิ์ 2 ตัว""","""Hyaluronic Acid และ Niacinamide ราคา 590""","""ครีมดีมาก มีส่วนผสมครบ ราคาไม่แพง""",B,Inverted Pyramid = เอาประโยชน์/ผลลัพธ์ขึ้นก่อน ตามด้วยรายละเอียด ผู้ชมจะหยุดฟังทันที,MCQ,"Hook,Inverted Pyramid",FALSE,"SIGNAL,STAGE",,ถูก=ผ่าน,STARTER
QG03-PRE-A-006,QG-03,"Voice, Camera & Trust Architecture",Pre,A,Understand,Diaphragmatic Breathing (การหายใจด้วยกระบังลม) ช่วยโฮสต์เรื่องใดมากที่สุด?,ทำให้พูดเร็วขึ้น,เสียงมีพลัง ไม่เกร็งคอ ควบคุมได้นาน,ลดความประหม่าทางสายตา,ช่วยให้จำสคริปต์ได้ดีขึ้น,B,การหายใจลึกจากกระบังลมให้ฐานเสียงที่มั่นคง ไม่เมื่อยคอเมื่อพูดนาน,MCQ,"Voice,Breathing,Diaphragm",FALSE,STAGE,,ถูก=ผ่าน,COMPETENT
QG03-POST-A-006,QG-03,"Voice, Camera & Trust Architecture",Post,A,Apply,[Role-play] CCV ลดลงเหลือครึ่งหนึ่งในนาทีที่ 20 — เขียน 1 ประโยคที่ใช้ Whisper Trick เพื่อดึงผู้ชมกลับ,,,,,ตัวอย่าง: (เสียงเบาลง) 'มีคนดูอยู่ไหมคะ... ถ้าได้ยิน พิมพ์ใจในแชทได้เลย มีของแจกรออยู่นะ',,Short_Answer,"Voice,Whisper Trick",FALSE,STAGE,,เกณฑ์: เสียงต้องบ่งบอกว่าเบาลง + มี CTA ให้ผู้ชมตอบสนอง,COMPETENT
QG03-PRE-A-007,QG-03,"Voice, Camera & Trust Architecture",Pre,A,Remember,CC ใน Brand CI ย่อมาจากอะไร และเกี่ยวข้องกับสิ่งใด?,Corporate Color — สีประจำแบรนด์,Corporate Communication — โทนเสียงและคำพูดที่ใช้สม่ำเสมอ,Customer Care — การดูแลลูกค้า,Content Creation — การสร้างเนื้อหา,B,CC = Corporate Communication คือโทนเสียง คำพูด และสไตล์การสื่อสารที่แบรนด์ใช้สม่ำเสมอทุกไลฟ์,MCQ,"Brand CI,CC,Communication",FALSE,BLUEPRINT,,ถูก=ผ่าน,PROFICIENT
QG04-PRE-A-005,QG-04,Buyer Psychology — S-O-R & PAD Theory,Pre,A,Understand,Narrative Transportation ทำให้ผู้ชมเกิดอะไร?,อยากซื้อสินค้าในราคาที่สูงขึ้น,สูญเสียการคิดวิพากษ์ ตามเรื่องราวจนอยากซื้อ,จดจำตัวเลขสถิติได้ดีขึ้น,รู้สึกเชื่อถือโฮสต์มากขึ้นเพราะข้อมูลครบ,B,เมื่อผู้ชมดูดซับเรื่องราว การคิดวิเคราะห์จะลดลง ทำให้ตัดสินใจซื้อตามอารมณ์,MCQ,"Psychology,Narrative,Transportation",FALSE,SIGNAL,,ถูก=ผ่าน,COMPETENT
QG04-PRE-A-006,QG-04,Buyer Psychology — S-O-R & PAD Theory,Pre,A,Understand,"""Selling the Why"" แตกต่างจาก ""Selling the What"" อย่างไร?",Selling the Why บอกราคาก่อน Selling the What บอกคุณสมบัติก่อน,Selling the Why ขายประโยชน์และความหมาย ไม่ใช่แค่คุณสมบัติสินค้า,Selling the Why ใช้ได้กับสินค้าแพงเท่านั้น,Selling the Why คือการเล่า Story ของแบรนด์เท่านั้น,B,ขาย 'ทำไมต้องมีสินค้านี้' ไม่ใช่ 'สินค้ามีอะไร' — ผู้ชมซื้อความรู้สึก ไม่ใช่สเปก,MCQ,"Psychology,Narrative,Selling the Why",FALSE,SIGNAL,,ถูก=ผ่าน,COMPETENT
QG04-POST-A-005,QG-04,Buyer Psychology — S-O-R & PAD Theory,Post,A,Synthesize,[เขียน] เล่าเรื่อง 'การเดินทางผิวแห้งสู่ผิวฉ่ำ' ใน 3 ประโยค ใช้หลัก Coherence + Vividness,,,,,ตัวอย่าง: 'ก่อนหน้านี้ผิวฉันแห้งจนแตกลาย ครีมทาแล้วไม่ซึม | หลังใช้ครีมนี้ครั้งแรก รู้สึกผิวดูดซับทันที ชุ่มชื้นตลอดวัน | ตอนนี้คนรอบข้างถามว่าไปทำผิวมาไหม — ไม่เลย แค่เปลี่ยนครีม',,Short_Answer,"Psychology,Narrative,Vividness",FALSE,SIGNAL,,เกณฑ์: มี Before-During-After ชัดเจน + มีรายละเอียดที่จับต้องได้ (Vividness),COMPETENT
QG04-POST-A-006,QG-04,Buyer Psychology — S-O-R & PAD Theory,Post,A,Apply,[Scenario] ผู้ชมพิมพ์ในแชทว่า 'ลังเล อยากได้แต่กลัวไม่เหมาะกับผิว' — โฮสต์ควรตอบอย่างไร?,"""ซื้อเลยค่ะ ของดีแน่นอน ไม่ต้องกังวล""","""เข้าใจเลยค่ะ เรามีรับประกัน 30 วัน ใช้แล้วไม่โอเคคืนได้เลย ลองได้ไม่มีความเสี่ยง""","""สินค้านี้เหมาะกับทุกผิวค่ะ ไม่ต้องห่วง""","""คนอื่นก็ใช้แล้วดีนะคะ""",B,Objection Handling แบบ 'ลังเล' ต้องลดความเสี่ยงในใจผู้ซื้อ — Guarantee คือเครื่องมือที่ดีที่สุด,MCQ,"Psychology,Objection Handling,Guarantee",FALSE,"SIGNAL,STAGE",,ถูก=ผ่าน,COMPETENT
QG05-POST-A-006,QG-05,Analytics & KPI Calculation,Post,A,Apply,Peak Timing ที่ดีที่สุดสำหรับปล่อย Flash Sale ในไลฟ์ปกติ คือช่วงนาทีที่เท่าไร?,นาทีที่ 5-15,นาทีที่ 15-25,นาทีที่ 30-45,นาทีที่ 50-60,C,นาทีที่ 30-45 คือช่วงที่ผู้ชม Warm ที่สุด Algorithm ให้คะแนนสูง ควรวาง Flash Sale ไว้ช่วงนี้,MCQ,"KPI,Peak Timing,Flash Sale",FALSE,MATRIX,,ถูก=ผ่าน,PROFICIENT
QG05-POST-A-007,QG-05,Analytics & KPI Calculation,Post,A,Apply,[เขียน] แนะนำวิธีเพิ่ม CCV จาก 50 เป็น 100 คน โดยไม่ใช้งบโฆษณา (อย่างน้อย 2 วิธี),,,,,วิธีที่ใช้ได้: 1) เชิญ Co-host มาร่วมไลฟ์ 2) ประกาศ Giveaway ในนาทีที่ 10 3) Hook Loop ถี่ขึ้นทุก 10 นาที 4) แจ้งเตือนใน Stories ก่อนไลฟ์,,Short_Answer,"KPI,CCV,Growth",FALSE,MATRIX,,เกณฑ์: ต้องมีอย่างน้อย 2 วิธีที่ปฏิบัติได้จริงโดยไม่เสียเงิน,PROFICIENT
QG05-PRE-A-007,QG-05,Analytics & KPI Calculation,Pre,A,Remember,AI Clipping Tool เช่น Flowjin หรือ Framedrop ช่วยโฮสต์ทำอะไร?,ออกแบบ Thumbnail และ Graphic สวยงาม,ตัดคลิปสั้น Highlight จากไลฟ์ยาวอัตโนมัติ พร้อมซับไตเติ้ล,วิเคราะห์ KPI และออก Report อัตโนมัติ,ตอบแชทในไลฟ์แทนโฮสต์,B,AI Clipping ลดเวลาตัดต่อจากชั่วโมงเหลือนาที ช่วยให้ Live Once แล้ว Post Everywhere ได้ทันที,MCQ,"AI Tools,Clipping,Content",FALSE,MATRIX,,ถูก=ผ่าน,PROFICIENT
QG05-POST-A-008,QG-05,Analytics & KPI Calculation,Post,A,Synthesize,[วางแผน] จากไลฟ์ 1 ครั้ง วางแผน Content Calendar 1 สัปดาห์ได้อย่างไร? (ระบุ 4 วันและเนื้อหา),,,,,จันทร์: Highlight 60 วิ (ช่วงขายดีที่สุด) | พุธ: Behind the Scene (เบื้องหลังเตรียมสินค้า) | ศุกร์: รีวิวสั้น+คำถามจากแชท | อาทิตย์: Teaser Flash Sale ไลฟ์ครั้งหน้า,,Short_Answer,"AI Tools,Content Calendar,Strategy",FALSE,"MATRIX,FRONTIER",,เกณฑ์: ครบ 4 วัน เนื้อหาแตกต่างกัน ดึงจากไลฟ์เดิมได้จริง,PROFICIENT
QG05-PRE-A-008,QG-05,Analytics & KPI Calculation,Pre,A,Remember,PDPA ห้ามโฮสต์ทำอะไรเกี่ยวกับใบหน้าผู้อื่นระหว่างไลฟ์?,พูดถึงชื่อผู้ซื้อในแชท,ถ่ายติดใบหน้าผู้อื่นแล้วเผยแพร่โดยไม่ได้รับความยินยอม,แสดงสินค้าที่มีคนสั่งซื้อแล้ว,แชร์ยอดขายรวมของไลฟ์,B,PDPA คุ้มครองข้อมูลส่วนบุคคลรวมถึงภาพใบหน้า การเผยแพร่โดยไม่ยินยอมมีโทษทั้งแพ่งและอาญา,MCQ,"Compliance,PDPA,กฎหมาย",FALSE,MATRIX,,ถูก=ผ่าน,PROFICIENT
QG05-POST-A-009,QG-05,Analytics & KPI Calculation,Post,A,Analyze,[Case] โฮสต์พูดว่า 'ครีมนี้เห็นผลทันที ใช้คืนเดียวขาว' — ผิดกฎหมายข้อใด?,ผิดเฉพาะ PDPA,ผิด อย. (โฆษณาโอ้อวดเกินจริง) และอาจผิด PDPA ถ้าใช้ภาพก่อน-หลังที่ไม่ได้รับอนุญาต,ไม่ผิดกฎหมายใด เป็นแค่การขายปากเปล่า,ผิดเฉพาะ DPS/ETDA เรื่อง Platform Policy,B,อย. ห้ามโฆษณาสรรพคุณเกินจริง คำว่า 'ขาวใน 1 คืน' เป็นข้อความต้องห้ามชัดเจน,MCQ,"Compliance,อย.,PDPA,กฎหมาย",FALSE,MATRIX,,ถูก=ผ่าน,PROFICIENT
QG05-POST-A-010,QG-05,Analytics & KPI Calculation,Post,A,Apply,[เขียน] เขียน Disclaimer สำหรับไลฟ์ขายสินค้าสุขภาพ/อาหารเสริม 1 ประโยค,,,,,ตัวอย่าง: 'ผลิตภัณฑ์นี้ไม่ได้มีวัตถุประสงค์เพื่อรักษาโรค ผลลัพธ์อาจแตกต่างกันในแต่ละบุคคล ควรอ่านฉลากก่อนใช้',,Short_Answer,"Compliance,Disclaimer,อย.",FALSE,MATRIX,,เกณฑ์: ต้องมีการปฏิเสธการรักษาโรค + แนะนำให้อ่านฉลาก,PROFICIENT
QG05-PRE-A-009,QG-05,Analytics & KPI Calculation,Pre,A,Remember,Golden Minute คืออะไรในบริบท Live Commerce Analytics?,นาทีแรกของไลฟ์ที่สำคัญที่สุด,นาทีที่ Conversion Rate สูงที่สุดในแต่ละไลฟ์,ช่วง 60 วินาทีหลัง Flash Sale,นาทีที่ Algorithm ให้ Boost สูงสุด,B,Golden Minute ดูจาก Retention Curve — นาทีที่ CR พุ่งสูงสุดควรวางสินค้า Hero และ Flash Sale,MCQ,"Analytics,Golden Minute,Advanced",FALSE,FRONTIER,,ถูก=ผ่าน,MASTER
QG05-PRE-A-010,QG-05,Analytics & KPI Calculation,Pre,A,Remember,Cohort Analysis ในงาน Live Commerce ช่วยวิเคราะห์อะไร?,เปรียบเทียบยอดขายระหว่างแพลตฟอร์ม,พฤติกรรมการกลับมาซื้อซ้ำของกลุ่มผู้ซื้อในช่วงเวลาเดียวกัน,อัตราการคืนสินค้าแยกตาม SKU,จำนวนผู้ชมใหม่ vs ผู้ชมเก่า,B,Cohort Analysis จัดกลุ่มผู้ซื้อตามเวลาที่ซื้อครั้งแรก แล้วติดตามว่ากลับมาซื้อซ้ำไหม — ช่วยวัด LTV,MCQ,"Analytics,Cohort,Advanced",FALSE,FRONTIER,,ถูก=ผ่าน,MASTER
QG05-PRE-A-011,QG-05,Analytics & KPI Calculation,Pre,A,Remember,Solo Host ไม่ควรไลฟ์เกินกี่วันต่อสัปดาห์เพื่อป้องกัน Burnout?,1 วัน,2 วัน,3 วัน,5 วัน,C,ไลฟ์สูงสุด 3 วัน/สัปดาห์ ที่เหลือใช้สำหรับพักและผลิต Content — AI Clipping ช่วยลดภาระได้ ~40%,MCQ,"Strategy,Burnout,Smart Lazy",FALSE,FRONTIER,,ถูก=ผ่าน,MASTER
QG06-PRE-A-006,QG-06,Brand Identity & Production,Pre,A,Remember,"เทคนิค 'Yes, and...' ที่ใช้ใน Crisis Improv มาจากวงการใด?",การขายแบบ Door-to-Door,ละครสด (Improvisation Theatre),การเจรจาต่อรองทางธุรกิจ,จิตวิทยาการให้คำปรึกษา,B,"Yes, and' มาจาก Improv Theatre — รับทุกสถานการณ์แล้วต่อยอด ไม่ปฏิเสธ ทำให้รับมือวิกฤตได้ราบรื่น",MCQ,"Crisis,Improv,Yes-and",FALSE,STAGE,,ถูก=ผ่าน,PROFICIENT
QG06-POST-A-006,QG-06,Brand Identity & Production,Post,A,Apply,[Roleplay] Flash Sale กำลังดำเนินอยู่ สินค้าหมดกะทันหัน — โฮสต์ควรพูดอะไรทันทีใน 10 วินาที?,,,,,ตัวอย่าง: 'ว้าว! หมดเลยนะคะ เร็วมากจริงๆ ขอบคุณทุกคนที่กดสั่งค่ะ สำหรับคนที่พลาด — รอบหน้าเราจะแจ้งล่วงหน้าใน LINE OA นะคะ กด Follow ไว้เลยค่ะ',,Short_Answer,"Crisis,Recovery,Improv",FALSE,STAGE,,เกณฑ์: Recovery ภายใน 10 วิ + เปลี่ยน Dead Air เป็น CTA ใหม่ทันที,PROFICIENT
QG06-POST-A-007,QG-06,Brand Identity & Production,Post,A,Synthesize,[สร้าง] เขียน Prompt Book 3 ใน 5 สถานการณ์ฉุกเฉิน พร้อมบทพูดสั้นๆ (ระบบล่ม / Troll / CCV ตก / ข้อมูลผิด / สินค้าหมด),,,,,ระบบล่ม: 'ขออภัยครับ ระบบมีปัญหาเล็กน้อย รอสักครู่นะครับ ไม่เกิน 2 นาที' | Troll: 'ขอบคุณที่แสดงความคิดเห็นนะครับ เดี๋ยวเราคุยกันใน DM ได้เลยค่ะ' | CCV ตก: (Whisper) 'ถ้าได้ยิน พิมพ์ตอบหน่อยนะคะ มีของพิเศษรออยู่',,Short_Answer,"Crisis,Prompt Book,Recovery",FALSE,STAGE,,เกณฑ์: ครบ 3 สถานการณ์ + บทพูดสมเหตุสมผลและใช้ได้จริง,PROFICIENT
QG06-PRE-A-007,QG-06,Brand Identity & Production,Pre,A,Remember,Pre-work ที่ต้องส่งก่อนเข้าเรียน BLUEPRINT มีอะไรบ้าง?,ส่งแค่วิดีโอแนะนำตัว 1 นาที,Baseline Video 2 นาที + Brand CI Self-Audit Form + Draft Signature Opening,ส่ง EPK ที่ทำเสร็จแล้ว,ไม่มี Pre-work ทำในห้องเรียนทั้งหมด,B,Pre-work ทั้ง 3 ชิ้นช่วยให้ Trainer ประเมิน Baseline และออกแบบ Feedback เฉพาะบุคคลได้,MCQ,"BLUEPRINT,Pre-work,Assessment",FALSE,BLUEPRINT,,ถูก=ผ่าน,PROFICIENT
QG06-PRE-A-008,QG-06,Brand Identity & Production,Pre,A,Remember,After Video ของ BLUEPRINT ต้องส่งภายในกี่วันหลังจบคอร์ส?,7 วัน,14 วัน,30 วัน,60 วัน,C,30 วัน คือช่วงเวลาที่ให้ฝึกทักษะแล้วบันทึกพัฒนาการเปรียบกับ Baseline Video,MCQ,"BLUEPRINT,After Video,Assessment",FALSE,BLUEPRINT,,ถูก=ผ่าน,PROFICIENT
QG07-PRE-A-005,QG-07,"Business, P&L & Global Strategy",Pre,A,Understand,Amazon Influencer Program แตกต่างจาก Amazon Associate อย่างไร?,Influencer ได้ Commission สูงกว่า Associate,Influencer สร้าง Live และ Video Review บน Amazon ได้ Associate ทำได้แค่ลิงก์ affiliate,Associate เป็นสำหรับแบรนด์ใหญ่ Influencer สำหรับบุคคลทั่วไป,ไม่มีความแตกต่าง ชื่อต่างกันแต่ทำงานเหมือนกัน,B,Influencer Program เปิดช่อง Shoppable Live + Video Review เฉพาะ Influencer ที่ผ่านการคัดเลือก,MCQ,"Global,Amazon,Platform",FALSE,FRONTIER,,ถูก=ผ่าน,MASTER
QG07-POST-A-010,QG-07,"Business, P&L & Global Strategy",Post,A,Create,[วางแผน] เลือก 1 ตลาดสำหรับส่งออก 'สมุนไพรไทย' แล้วระบุ 3 เงื่อนไขที่ต้องทำก่อนเข้าตลาดนั้น,,,,,ตัวอย่าง (ASEAN): ตลาด = มาเลเซีย | 3 เงื่อนไข: 1) ได้รับการรับรอง Halal 2) มีฉลากภาษามลายู 3) จดทะเบียนกับ KKM (กระทรวงสาธารณสุขมาเลเซีย) || ตัวอย่าง (EU): 1) VAT Registration 2) CE/Health Certificate 3) ฉลากภาษาอังกฤษตาม EU Standard,,Short_Answer,"Global,Market Entry,Strategy",FALSE,FRONTIER,,เกณฑ์: ระบุตลาดชัดเจน + เงื่อนไขครบ 3 ข้อ สอดคล้องกับตลาดที่เลือก,MASTER
QG07-POST-A-011,QG-07,"Business, P&L & Global Strategy",Post,A,Create,"[เขียน] Workflow 'Live Once, Post Everywhere' 5 ขั้นตอน ตั้งแต่จบไลฟ์จนถึงโพสต์ครบทุกแพลตฟอร์ม",,,,,1) บันทึก VOD ทันทีหลังไลฟ์ | 2) ส่งเข้า AI Clipping Tool ตัด 5 Highlight (15-60 วิ) | 3) เพิ่มซับไตเติ้ลไทย+อังกฤษ | 4) โพสต์ตาม Calendar: TikTok (วันเดียวกัน) → Facebook (วันถัดไป) → Instagram Reel (วันที่ 3) → LINE OA Summary | 5) Track Analytics 48 ชม. แล้วนำข้อมูลไปวางแผนไลฟ์ครั้งต่อไป,,Short_Answer,"Strategy,Content,AI Tools",FALSE,FRONTIER,,เกณฑ์: ครบ 5 ขั้น มี AI Tool + มี Platform ที่โพสต์ + มีการ Track ผล,MASTER